,Source Directory,Source Filename,Album,Artist,Title,Extension
0,CalmTheMind,Bedroom Reader - Blue Feelings.ogg,Calm the Mind Radio,Bedroom Reader,Blue Feelings,ogg
1,CalmTheMind,Bedroom Reader - Living in a Backpack.ogg,Calm the Mind Radio,Bedroom Reader,Living in a Backpack,ogg
2,CalmTheMind,Bedroom Reader - Miles Away.ogg,Calm the Mind Radio,Bedroom Reader,Miles Away,ogg
3,CalmTheMind,Bedroom Reader - Top Grades Anxiety.ogg,Calm the Mind Radio,Bedroom Reader,Top Grades Anxiety,ogg
4,CalmTheMind,Brooklyn Cab Co - Hoodie Hangover.ogg,Calm the Mind Radio,Brooklyn Cab Co,Hoodie Hangover,ogg
5,CalmTheMind,Brooklyn Cab Co - Losing Da Cops.ogg,Calm the Mind Radio,Brooklyn Cab Co,Losing Da Cops,ogg
6,CalmTheMind,Brooklyn Cab Co - Sneaker Seeker.ogg,Calm the Mind Radio,Brooklyn Cab Co,Sneaker Seeker,ogg
7,CalmTheMind,Brooklyn Cab Co - Yellow Snow.ogg,Calm the Mind Radio,Brooklyn Cab Co,Yellow Snow,ogg
8,CalmTheMind,Holiday at Last - Beach Balls.ogg,Calm the Mind Radio,Holiday at Last,Beach Balls,ogg
9,CalmTheMind,Holiday at Last - Flight to Copacabana.ogg,Calm the Mind Radio,Holiday at Last,Flight to Copacabana,ogg
10,CalmTheMind,Holiday at Last - Margharita and a Pita.ogg,Calm the Mind Radio,Holiday at Last,Margharita and a Pita,ogg
11,CalmTheMind,Holiday at Last - Sunset Barbecue.ogg,Calm the Mind Radio,Holiday at Last,Sunset Barbecue,ogg
12,CalmTheMind,Lush Life - My Yacht is bigger than Yours.ogg,Calm the Mind Radio,Lush Life,My Yacht is bigger than Yours,ogg
13,CalmTheMind,Lush Life - Night in Dubai.ogg,Calm the Mind Radio,Lush Life,Night in Dubai,ogg
14,CalmTheMind,Lush Life - Olives and Martinis.ogg,Calm the Mind Radio,Lush Life,Olives and Martinis,ogg
15,CalmTheMind,Lush Life - Suits in Summertime.ogg,Calm the Mind Radio,Lush Life,Suits in Summertime,ogg
16,CampusRadio,All Time High - Helium.ogg,Campus Radio,All Time High,Helium,ogg
17,CampusRadio,All Time High - Teen Town.ogg,Campus Radio,All Time High,Teen Town,ogg
18,CampusRadio,All Time High - Whispers.ogg,Campus Radio,All Time High,Whispers,ogg
19,CampusRadio,Check For Pulse - Anywhere.ogg,Campus Radio,Check For Pulse,Anywhere,ogg
20,CampusRadio,Check For Pulse - I'm Not.ogg,Campus Radio,Check For Pulse,I'm Not,ogg
21,CampusRadio,Glendale Social Club - Crossfire.ogg,Campus Radio,Glendale Social Club,Crossfire,ogg
22,CampusRadio,Glendale Social Club - Long Story Short.ogg,Campus Radio,Glendale Social Club,Long Story Short,ogg
23,CampusRadio,Los Chick - Losing You.ogg,Campus Radio,Los Chick,Losing You,ogg
24,CampusRadio,Los Chick - Open Arms.ogg,Campus Radio,Los Chick,Open Arms,ogg
25,CampusRadio,River Twins - Everyone Else.ogg,Campus Radio,River Twins,Everyone Else,ogg
26,CampusRadio,River Twins - My Physical Bromance.ogg,Campus Radio,River Twins,My Physical Bromance,ogg
27,CampusRadio,River Twins - Something New.ogg,Campus Radio,River Twins,Something New,ogg
28,CampusRadio,River Twins - Star Of The Show.ogg,Campus Radio,River Twins,Star Of The Show,ogg
29,CampusRadio,Space Specials - Smudge.ogg,Campus Radio,Space Specials,Smudge,ogg
30,CampusRadio,The Wilsons - Desperation.ogg,Campus Radio,The Wilsons,Desperation,ogg
31,CampusRadio,The Wilsons - Will You Ever Be The Same.ogg,Campus Radio,The Wilsons,Will You Ever Be The Same,ogg
32,Christmas,Elijha MotI - I Heard The Bells On Christmas Day.ogg,"Carols, Candles and Candy",Elijha MotI,I Heard The Bells On Christmas Day,ogg
33,Christmas,Houston River Jazz Collective - Silent Night.ogg,"Carols, Candles and Candy",Houston River Jazz Collective,Silent Night,ogg
34,Christmas,Jazz in-clave - Holy Night.ogg,"Carols, Candles and Candy",Jazz in-clave,Holy Night,ogg
35,Christmas,Lily La Roux - Jolly Old Saint Nicholas.ogg,"Carols, Candles and Candy",Lily La Roux,Jolly Old Saint Nicholas,ogg
36,Christmas,Martin Carlberg - The First Noel.ogg,"Carols, Candles and Candy",Martin Carlberg,The First Noel,ogg
37,Christmas,Stills - A New Day.ogg,"Carols, Candles and Candy",Stills,A New Day,ogg
38,Christmas,Stills - Let It Snow.ogg,"Carols, Candles and Candy",Stills,Let It Snow,ogg
39,Christmas,Stills - Yonder Star.ogg,"Carols, Candles and Candy",Stills,Yonder Star,ogg
40,Classical,André Dubois - Calming Erawan.ogg,The Classics Radio,André Dubois,Calming Erawan,ogg
41,Classical,André Dubois - Elation Sonata In A-Minor.ogg,The Classics Radio,André Dubois,Elation Sonata In A-Minor,ogg
42,Classical,Cloe Schumann - Improvisations in C-Minor.ogg,The Classics Radio,Cloe Schumann,Improvisations in C-Minor,ogg
43,Classical,Cloe Schumann - Improvisions Con Moto.ogg,The Classics Radio,Cloe Schumann,Improvisions Con Moto,ogg
44,Classical,Piano X-tra.ogg,The Classics Radio,Colossal Order,Piano X-tra,ogg
45,Classical,Cyril Beckett - Piano Concerto in Eb Major with Chamber Orchestra.ogg,The Classics Radio,Cyril Beckett,Piano Concerto in Eb Major with Chamber Orchestra,ogg
46,Classical,Florence Dupré - Concerto for Double Flutes and Orchestra in G-Major.ogg,The Classics Radio,Florence Dupré,Concerto for Double Flutes and Orchestra in G-Major,ogg
47,Classical,Gabriel Petré -  Eb-Major Vivace.ogg,The Classics Radio,Gabriel Petré,Eb-Major Vivace,ogg
48,Classical,Gabriel Petré - Recorder Menuett in G Major.ogg,The Classics Radio,Gabriel Petré,Recorder Menuett in G Major,ogg
49,Classical,Haraldur Stefansdóttir - Pandemonium.ogg,The Classics Radio,Haraldur Stefansdóttir,Pandemonium,ogg
50,Classical,Joyce Carol Franzen - Heritage in D Major.ogg,The Classics Radio,Joyce Carol Franzen,Heritage in D Major,ogg
51,Classical,Lang Nihonjin -  Bb-Major Allegro.ogg,The Classics Radio,Lang Nihonjin,Bb-Major Allegro,ogg
52,Classical,Lawrence Bernstein - Brooklyn Bridge Madness.ogg,The Classics Radio,Lawrence Bernstein,Brooklyn Bridge Madness,ogg
53,Classical,Lawrence Bernstein - The Coney Island Stroll.ogg,The Classics Radio,Lawrence Bernstein,The Coney Island Stroll,ogg
54,Classical,Neil Arbitter -  Hollywood Walkabout.ogg,The Classics Radio,Neil Arbitter,Hollywood Walkabout,ogg
55,Classical,Neil Arbitter - The Comedians IV.ogg,The Classics Radio,Neil Arbitter,The Comedians IV,ogg
56,Classical,Nikolaj Hendehlson - A-major Sinfonietta.ogg,The Classics Radio,Nikolaj Hendehlson,A-major Sinfonietta,ogg
57,Classical,Nikolaj Hendehlson - C-Minor Romance.ogg,The Classics Radio,Nikolaj Hendehlson,C-Minor Romance,ogg
58,Classical,Nikolaj Hendehlson - French Horn Concerto.ogg,The Classics Radio,Nikolaj Hendehlson,French Horn Concerto,ogg
59,Classical,Youroba Wolof -  Hymns of Utopia Part 2.ogg,The Classics Radio,Youroba Wolof,Hymns of Utopia Part 1,ogg
60,Classical,Youroba Wolof - Hymns of Utopia Part 1.ogg,The Classics Radio,Youroba Wolof,Hymns of Utopia Part 2,ogg
61,CoastToCoast,Above Clouds - Harbor.ogg,Coast to Coast,Above Clouds,Harbor,ogg
62,CoastToCoast,Above Clouds - Next Stop.ogg,Coast to Coast,Above Clouds,Next Stop,ogg
63,CoastToCoast,Above Clouds - Particles.ogg,Coast to Coast,Above Clouds,Particles,ogg
64,CoastToCoast,Above Clouds - The Map.ogg,Coast to Coast,Above Clouds,The Map,ogg
65,CoastToCoast,Empire State Philharmonics - City Of The Night.ogg,Coast to Coast,Empire State Philharmonics,City Of The Night,ogg
66,CoastToCoast,Empire State Philharmonics - Sky Tower.ogg,Coast to Coast,Empire State Philharmonics,Sky Tower,ogg
67,CoastToCoast,Empire State Philharmonics - Town Hall Meetup.ogg,Coast to Coast,Empire State Philharmonics,Town Hall Meetup,ogg
68,CoastToCoast,Empire State Philharmonics - View At The Top.ogg,Coast to Coast,Empire State Philharmonics,View At The Top,ogg
69,CoastToCoast,Empire State Philharmonics - Wheel of Fortune.ogg,Coast to Coast,Empire State Philharmonics,Wheel of Fortune,ogg
70,CoastToCoast,Illusions - Metropolis.ogg,Coast to Coast,Illusions,Metropolis,ogg
71,CoastToCoast,Illusions - Roundabout Traffic Jam.ogg,Coast to Coast,Illusions,Roundabout Traffic Jam,ogg
72,CoastToCoast,Illusions - Springtime.ogg,Coast to Coast,Illusions,Springtime,ogg
73,CoastToCoast,Illusions - Through The Mist.ogg,Coast to Coast,Illusions,Through The Mist,ogg
74,CoastToCoast,Ryo Hazuki - Flower Garden.ogg,Coast to Coast,Ryo Hazuki,Flower Garden,ogg
75,CoastToCoast,Ryo Hazuki - Sunrise.ogg,Coast to Coast,Ryo Hazuki,Sunrise,ogg
76,CoastToCoast,Ryo Hazuki - The Train Ride.ogg,Coast to Coast,Ryo Hazuki,The Train Ride,ogg
77,Concerts,Elijah MOTi - Clouds.ogg,Concerts Radio,Elijah MOTi,Clouds,ogg
78,Concerts,Elijah MOTi - Ice.ogg,Concerts Radio,Elijah MOTi,Ice,ogg
79,Concerts,Elijah MOTi - Rain Forest.ogg,Concerts Radio,Elijah MOTi,Rain Forest,ogg
80,Concerts,Elijah MOTi - Sea Of Lies.ogg,Concerts Radio,Elijah MOTi,Sea Of Lies,ogg
81,Concerts,Elijah MOTi - Symphony.ogg,Concerts Radio,Elijah MOTi,Symphony,ogg
82,Concerts,Lily La Roux - All For The Best.ogg,Concerts Radio,Lily La Roux,All For The Best,ogg
83,Concerts,Lily La Roux - Bananas.ogg,Concerts Radio,Lily La Roux,Bananas,ogg
84,Concerts,Lily La Roux - Come Again.ogg,Concerts Radio,Lily La Roux,Come Again,ogg
85,Concerts,Lily La Roux - For The Thrill.ogg,Concerts Radio,Lily La Roux,For The Thrill,ogg
86,Concerts,Lily La Roux - People Like You.ogg,Concerts Radio,Lily La Roux,People Like You,ogg
87,Concerts,NESTOR - Don't Leave Me Dry.ogg,Concerts Radio,NESTOR,Don't Leave Me Dry,ogg
88,Concerts,NESTOR - Father to a Son.ogg,Concerts Radio,NESTOR,Father to a Son,ogg
89,Concerts,NESTOR - Its a long way.ogg,Concerts Radio,NESTOR,Its a long way,ogg
90,Concerts,NESTOR - Lose Myself.ogg,Concerts Radio,NESTOR,Lose Myself,ogg
91,Concerts,NESTOR - One step closer.ogg,Concerts Radio,NESTOR,One step closer,ogg
92,Country,A better man.ogg,Country Road Radio,King's Road,A Better Man,ogg
93,Country,After all this time.ogg,Country Road Radio,King's Road,After All This Time,ogg
94,Country,Crazy.ogg,Country Road Radio,The Red Carpet Crew,Crazy,ogg
95,Country,Cross the river.ogg,Country Road Radio,Pitchfork Blue,Cross the River,ogg
96,Country,Down by the creek.ogg,Country Road Radio,Pitchfork Blue,Down by the Creek,ogg
97,Country,Down stream.ogg,Country Road Radio,Pitchfork Blue,Down Stream,ogg
98,Country,Gold.ogg,Country Road Radio,The Magpies,Gold,ogg
99,Country,Gramas couch.ogg,Country Road Radio,The Red Carpet Crew,Gramas Couch,ogg
100,Country,Green grass song.ogg,Country Road Radio,The Magpies,Green Grass Song,ogg
101,Country,Home.ogg,Country Road Radio,King's Road,Home,ogg
102,Country,I want you back.ogg,Country Road Radio,The Magpies,I Want You Back,ogg
103,Country,Lost.ogg,Country Road Radio,The Red Carpet Crew,Lost,ogg
104,Country,Round and round we go.ogg,Country Road Radio,The Magpies,Round and Round We Go,ogg
105,Country,Saved by the bell.ogg,Country Road Radio,King's Road,Saved by the Bell,ogg
106,Country,Station song.ogg,Country Road Radio,Pitchfork Blue,Station Song,ogg
107,Country,You And I.ogg,Country Road Radio,The Red Carpet Crew,You And I,ogg
108,DeepFocus,Cassette Flashbacks - Border Control.ogg,Deep Focus Radio,Cassette Flashbacks,Border Control,ogg
109,DeepFocus,Cassette Flashbacks - I See You.ogg,Deep Focus Radio,Cassette Flashbacks,I See You,ogg
110,DeepFocus,Cassette Flashbacks - Since Dawn.ogg,Deep Focus Radio,Cassette Flashbacks,Since Dawn,ogg
111,DeepFocus,Cassette Flashbacks - Without Hesitation.ogg,Deep Focus Radio,Cassette Flashbacks,Without Hesitation,ogg
112,DeepFocus,Envision - 2054.ogg,Deep Focus Radio,Envision,2054,ogg
113,DeepFocus,Envision - City.ogg,Deep Focus Radio,Envision,City,ogg
114,DeepFocus,Envision - Fallen Trees.ogg,Deep Focus Radio,Envision,Fallen Trees,ogg
115,DeepFocus,Envision - Polluted Waters.ogg,Deep Focus Radio,Envision,Polluted Waters,ogg
116,DeepFocus,Oakwood Stories - Another Era.ogg,Deep Focus Radio,Oakwood Stories,Another Era,ogg
117,DeepFocus,Oakwood Stories - Fog County.ogg,Deep Focus Radio,Oakwood Stories,Fog County,ogg
118,DeepFocus,Oakwood Stories - Never Ending Roads.ogg,Deep Focus Radio,Oakwood Stories,Never Ending Roads,ogg
119,DeepFocus,Oakwood Stories - Rainy Days.ogg,Deep Focus Radio,Oakwood Stories,Rainy Days,ogg
120,DeepFocus,Stefano Lazzarini - Aurora.ogg,Deep Focus Radio,Stefano Lazzarini,Aurora,ogg
121,DeepFocus,Stefano Lazzarini - Clear Skies.ogg,Deep Focus Radio,Stefano Lazzarini,Clear Skies,ogg
122,DeepFocus,Stefano Lazzarini - Cold Breath.ogg,Deep Focus Radio,Stefano Lazzarini,Cold Breath,ogg
123,DeepFocus,Stefano Lazzarini - When The Sun Rises.ogg,Deep Focus Radio,Stefano Lazzarini,When The Sun Rises,ogg
124,DowntownRadio,Casuality - Cemetery Blues.ogg,Downtown Radio,Casuality,Cemetery Blues,ogg
125,DowntownRadio,Casuality - Noodles Soup.ogg,Downtown Radio,Casuality,Noodles Soup,ogg
126,DowntownRadio,Casuality - Steam Boats.ogg,Downtown Radio,Casuality,Steam Boats,ogg
127,DowntownRadio,Casuality - Sunroof Breakfast.ogg,Downtown Radio,Casuality,Sunroof Breakfast,ogg
128,DowntownRadio,City Section - Approaching End Station.ogg,Downtown Radio,City Section,Approaching End Station,ogg
129,DowntownRadio,City Section - Beach Avenue.ogg,Downtown Radio,City Section,Beach Avenue,ogg
130,DowntownRadio,City Section - Neon Lights Night.ogg,Downtown Radio,City Section,Neon Lights Night,ogg
131,DowntownRadio,City Section - You Are Not Alone.ogg,Downtown Radio,City Section,You Are Not Alone,ogg
132,DowntownRadio,Shanghai Fever - Caught In A Selfie.ogg,Downtown Radio,Shanghai Fever,Caught In A Selfie,ogg
133,DowntownRadio,Shanghai Fever - Chasing Raindrops.ogg,Downtown Radio,Shanghai Fever,Chasing Raindrops,ogg
134,DowntownRadio,Shanghai Fever - Dressed For Success.ogg,Downtown Radio,Shanghai Fever,Dressed For Success,ogg
135,DowntownRadio,Shanghai Fever - Til Next Time.ogg,Downtown Radio,Shanghai Fever,Til Next Time,ogg
136,DowntownRadio,Timelines - Brooklyn Heights.ogg,Downtown Radio,Timelines,Brooklyn Heights,ogg
137,DowntownRadio,Timelines - Central Park.ogg,Downtown Radio,Timelines,Central Park,ogg
138,DowntownRadio,Timelines - Hotel Tropico.ogg,Downtown Radio,Timelines,Hotel Tropico,ogg
139,DowntownRadio,Timelines - Midnight Cruise.ogg,Downtown Radio,Timelines,Midnight Cruise,ogg
140,GoldFM,Hooked On A Feeling.ogg,Gold FM,Blue Swede,Hooked On A Feeling,ogg
141,GoldFM,Bruce Channel – Hey Baby.ogg,Gold FM,Bruce Channel,Hey Baby,ogg
142,GoldFM,Chad & Jeremy –  A Summer Song.ogg,Gold FM,Chad & Jeremy,A Summer Song,ogg
143,GoldFM,Eric Burdon - It's My Life.ogg,Gold FM,Eric Burdon,It's My Life,ogg
144,GoldFM,Etta James – At Last.ogg,Gold FM,Etta James,At Last,ogg
145,GoldFM,Etta James - Something's Gotta A Hold On Me.ogg,Gold FM,Etta James,Something's Gotta A Hold On Me,ogg
146,GoldFM,Fenwyk – Mindrocker.ogg,Gold FM,Fenwyk,Mindrocker,ogg
147,GoldFM,Jan & Dean – Dead Man's Curve.ogg,Gold FM,Jan & Dean,Dead Man's Curve,ogg
148,GoldFM,Jan & Dean – GEE.ogg,Gold FM,Jan & Dean,GEE,ogg
149,GoldFM,Jan & Dean – Surf City.ogg,Gold FM,Jan & Dean,Surf City,ogg
150,GoldFM,Spooky MARTHA REEVES.ogg,Gold FM,Martha Reeves,Spooky,ogg
151,GoldFM,Mary Wells - My Guy.ogg,Gold FM,Mary Wells,My Guy,ogg
152,GoldFM,Shirelles – Will You Love Me Tomorrow.ogg,Gold FM,Shirelles,Will You Love Me Tomorrow,ogg
153,GoldFM,The Angels – My Boyfriend's Back.ogg,Gold FM,The Angels,My Boyfriend's Back,ogg
154,GoldFM,The Drifters - Up On The Roof.ogg,Gold FM,The Drifters,Up On The Roof,ogg
155,GoldFM,The Newbeats - Mother-In-Law.ogg,Gold FM,The Newbeats,Mother-In-Law,ogg
156,GoldFM,The Vouges – Magic Town.ogg,Gold FM,The Vouges,Magic Town,ogg
157,GoldFM,Tommy James & The Shondells  – Draggin' The Line.ogg,Gold FM,Tommy James & The Shondells ,Draggin' The Line,ogg
158,GoldFM,Tommy James -  Crimson & Clover.ogg,Gold FM,Tommy James,Crimson & Clover,ogg
159,GoldFM,Tommy James – Mony Mony.ogg,Gold FM,Tommy James,Mony Mony,ogg
160,GoldFM,Troggs - Wild Thing.ogg,Gold FM,Troggs,Wild Thing,ogg
161,GoldFM,Vouges  - Five O'Clock World.ogg,Gold FM,Vouges ,Five O'Clock World,ogg
162,Jazz,Houston River Jazz Collective - 36th Street.ogg,All That Jazz,Houston River Jazz Collective,36th Street,ogg
163,Jazz,Houston River Jazz Collective - Hallet's Cove.ogg,All That Jazz,Houston River Jazz Collective,Hallet's Cove,ogg
164,Jazz,Houston River Jazz Collective - Northern Boulevard Jam.ogg,All That Jazz,Houston River Jazz Collective,Northern Boulevard Jam,ogg
165,Jazz,Houston River Jazz Collective - The Astoria Way.ogg,All That Jazz,Houston River Jazz Collective,The Astoria Way,ogg
166,Jazz,Jazz In-Clave - Bauza Chico.ogg,All That Jazz,Jazz In-Clave,Bauza Chico,ogg
167,Jazz,Jazz In-Clave - Habanera Big Four.ogg,All That Jazz,Jazz In-Clave,Habanera Big Four,ogg
168,Jazz,Jazz In-Clave - Ponchando Fashion.ogg,All That Jazz,Jazz In-Clave,Ponchando Fashion,ogg
169,Jazz,Jazz In-Clave - Tresillo Hideaway.ogg,All That Jazz,Jazz In-Clave,Tresillo Hideaway,ogg
170,Jazz,Phrase It Differently - 7 O'Clock.ogg,All That Jazz,Phrase It Differently,7 O'Clock,ogg
171,Jazz,Phrase It Differently - Cracks.ogg,All That Jazz,Phrase It Differently,Cracks,ogg
172,Jazz,Phrase It Differently - Fusionistic Mystic.ogg,All That Jazz,Phrase It Differently,Fusionistic Mystic,ogg
173,Jazz,Phrase It Differently - Loveshift.ogg,All That Jazz,Phrase It Differently,Loveshift,ogg
174,Jazz,The Sierra Lewis Project - A Walk In The Park.ogg,All That Jazz,The Sierra Lewis Project,A Walk In The Park,ogg
175,Jazz,The Sierra Lewis Project - Fiesta Siesta.ogg,All That Jazz,The Sierra Lewis Project,Fiesta Siesta,ogg
176,Jazz,The Sierra Lewis Project - Praia Verdi.ogg,All That Jazz,The Sierra Lewis Project,Praia Verdi,ogg
177,Jazz,The Sierra Lewis Project - The Conquistador.ogg,All That Jazz,The Sierra Lewis Project,The Conquistador,ogg
178,KPopRadio,Izzy NooHao - Does Fell Nice.ogg,K-Pop Station,Izzy NooHao,Does Fell Nice,ogg
179,KPopRadio,Izzy NooHao - Heartbreaker.ogg,K-Pop Station,Izzy NooHao,Heartbreaker,ogg
180,KPopRadio,Izzy NooHao - On My Level.ogg,K-Pop Station,Izzy NooHao,On My Level,ogg
181,KPopRadio,Izzy NooHao - Taking Chances.ogg,K-Pop Station,Izzy NooHao,Taking Chances,ogg
182,KPopRadio,TEN eleven - Girls.ogg,K-Pop Station,TEN eleven,Girls,ogg
183,KPopRadio,TEN eleven - In Love Again.ogg,K-Pop Station,TEN eleven,In Love Again,ogg
184,KPopRadio,TEN eleven - Indigo Summer.ogg,K-Pop Station,TEN eleven,Indigo Summer,ogg
185,KPopRadio,TEN eleven - Stuck In The Middle.ogg,K-Pop Station,TEN eleven,Stuck In The Middle,ogg
186,KPopRadio,Yuitzzu - Fly With Me.ogg,K-Pop Station,Yuitzzu,Fly With Me,ogg
187,KPopRadio,Yuitzzu - High Above.ogg,K-Pop Station,Yuitzzu,High Above,ogg
188,KPopRadio,Yuitzzu - My Only Wish.ogg,K-Pop Station,Yuitzzu,My Only Wish,ogg
189,KPopRadio,Yuitzzu - Up And Away.ogg,K-Pop Station,Yuitzzu,Up And Away,ogg
190,KPopRadio,ZX OHH - Dark Skies.ogg,K-Pop Station,ZX OHH,Dark Skies,ogg
191,KPopRadio,ZX OHH - Desert Nights.ogg,K-Pop Station,ZX OHH,Desert Nights,ogg
192,KPopRadio,ZX OHH - Grizzly.ogg,K-Pop Station,ZX OHH,Grizzly,ogg
193,KPopRadio,ZX OHH - XO 210.ogg,K-Pop Station,ZX OHH,XO 210,ogg
194,Mars,Radio_OfficialMars_Amongthestars.ogg,Official Mars Radio,Pinky,Among the Stars,ogg
195,Mars,Radio_OfficialMars_Candycastle.ogg,Official Mars Radio,Juhanni,Candy Castle,ogg
196,Mars,Radio_OfficialMars_Corners.ogg,Official Mars Radio,Profet Sorbé,Corners,ogg
197,Mars,Radio_OfficialMars_Grayhole.ogg,Official Mars Radio,Profet Sorbé,Gray Hole,ogg
198,Mars,Radio_OfficialMars_Itsgoingtobeokaywithme.ogg,Official Mars Radio,Pinky,Its Going To Be Okay With Me,ogg
199,Mars,Radio_OfficialMars_Letscare.ogg,Official Mars Radio,Profet Sorbé,Lets Care,ogg
200,Mars,Radio_OfficialMars_Littletown.ogg,Official Mars Radio,Pinky,Little Town,ogg
201,Mars,Radio_OfficialMars_MyJourney.ogg,Official Mars Radio,Sugar Orchestra,My Journey,ogg
202,Mars,Radio_OfficialMars_Nowisthetime.ogg,Official Mars Radio,Juhanni,Now is the Time,ogg
203,Mars,Radio_OfficialMars_ShoresofMars.ogg,Official Mars Radio,Sugar Orchestra,Shores of Mars,ogg
204,Mars,Radio_OfficialMars_Spread.ogg,Official Mars Radio,Pinky,Spread,ogg
205,Mars,Radio_OfficialMars_Sunrise.ogg,Official Mars Radio,Sugar Orchestra,Sunrise,ogg
206,Mars,Radio_OfficialMars_Temporary.ogg,Official Mars Radio,Profet Sorbé,Temporary,ogg
207,Mars,Radio_OfficialMars_Unfold.ogg,Official Mars Radio,Juhanni,Unfold,ogg
208,Mars,Radio_OfficialMars_Whitetrees.ogg,Official Mars Radio,Juhanni,White Trees,ogg
209,Mars,Radio_OfficialMars_Yourbest.ogg,Official Mars Radio,Sugar Orchestra,Your Best,ogg
210,ParadiseRadio,Dreamers Only - Over The Sea.ogg,Paradise Radio,Dreamers Only,Over The Sea,ogg
211,ParadiseRadio,Dreamers Only - Spring Is Here.ogg,Paradise Radio,Dreamers Only,Spring Is Here,ogg
212,ParadiseRadio,Dreamers Only - Starting Point.ogg,Paradise Radio,Dreamers Only,Starting Point,ogg
213,ParadiseRadio,Dreamers Only - The New Mayor.ogg,Paradise Radio,Dreamers Only,The New Mayor,ogg
214,ParadiseRadio,Portlandio - Guess The Time.ogg,Paradise Radio,Portlandio,Guess The Time,ogg
215,ParadiseRadio,Portlandio - Rainy Day.ogg,Paradise Radio,Portlandio,Rainy Day,ogg
216,ParadiseRadio,Portlandio - Remember 83.ogg,Paradise Radio,Portlandio,Remember 83,ogg
217,ParadiseRadio,Portlandio - Round And About.ogg,Paradise Radio,Portlandio,Round And About,ogg
218,ParadiseRadio,Stereo Hearts - Good Feeling.ogg,Paradise Radio,Stereo Hearts,Good Feeling,ogg
219,ParadiseRadio,Stereo Hearts - Just Like Jupiter.ogg,Paradise Radio,Stereo Hearts,Just Like Jupiter,ogg
220,ParadiseRadio,Stereo Hearts - Next Stop Chicago.ogg,Paradise Radio,Stereo Hearts,Next Stop Chicago,ogg
221,ParadiseRadio,Stereo Hearts - Past To Present.ogg,Paradise Radio,Stereo Hearts,Past To Present,ogg
222,ParadiseRadio,The LA Strays - Another Day.ogg,Paradise Radio,The LA Strays,Another Day,ogg
223,ParadiseRadio,The LA Strays - Drive To Learn.ogg,Paradise Radio,The LA Strays,Drive To Learn,ogg
224,ParadiseRadio,The LA Strays - Rosie.ogg,Paradise Radio,The LA Strays,Rosie,ogg
225,ParadiseRadio,The LA Strays - The Road Ahead.ogg,Paradise Radio,The LA Strays,The Road Ahead,ogg
226,OnAir,Le Bop - Bennetts Lane.ogg,Radio OnAir,Le Bop,Bennetts Lane,ogg
227,OnAir,Le Bop - Nublu.ogg,Radio OnAir,Le Bop,Nublu,ogg
228,OnAir,Le Bop - Slow Jam.ogg,Radio OnAir,Le Bop,Slow Jam,ogg
229,OnAir,Le Bop - The Crypt.ogg,Radio OnAir,Le Bop,The Crypt,ogg
230,OnAir,Manny Monet - First Plane to St Tropez.ogg,Radio OnAir,Manny Monet,First Plane to St Tropez,ogg
231,OnAir,Manny Monet - Freebird.ogg,Radio OnAir,Manny Monet,Freebird,ogg
232,OnAir,Manny Monet - Golden Bridge.ogg,Radio OnAir,Manny Monet,Golden Bridge,ogg
233,OnAir,Manny Monet - Nightshift.ogg,Radio OnAir,Manny Monet,Nightshift,ogg
234,OnAir,Neo Rogers - All Day Monk.ogg,Radio OnAir,Neo Rogers,All Day Monk,ogg
235,OnAir,Neo Rogers - Elements.ogg,Radio OnAir,Neo Rogers,Elements,ogg
236,OnAir,Neo Rogers - Low Freq.ogg,Radio OnAir,Neo Rogers,Low Freq,ogg
237,OnAir,Neo Rogers - The Crib.ogg,Radio OnAir,Neo Rogers,The Crib,ogg
238,OnAir,Sunny oh Sunny - A Little Bit.ogg,Radio OnAir,Sunny oh Sunny,A Little Bit,ogg
239,OnAir,Sunny oh Sunny - Sort Of Dizzy.ogg,Radio OnAir,Sunny oh Sunny,Sort Of Dizzy,ogg
240,OnAir,Sunny oh Sunny - The Opening Night.ogg,Radio OnAir,Sunny oh Sunny,The Opening Night,ogg
241,OnAir,Sunny oh Sunny - Where Is The Love.ogg,Radio OnAir,Sunny oh Sunny,Where Is The Love,ogg
242,RailHawk,Black Liquid Carbon - Going East.ogg,Rail Hawk Radio,Black Liquid Carbon,Going East,ogg
243,RailHawk,Black Liquid Carbon - Mood Starter.ogg,Rail Hawk Radio,Black Liquid Carbon,Mood Starter,ogg
244,RailHawk,Black Liquid Carbon - On The Move.ogg,Rail Hawk Radio,Black Liquid Carbon,On The Move,ogg
245,RailHawk,Black Liquid Carbon - Traveling.ogg,Rail Hawk Radio,Black Liquid Carbon,Traveling,ogg
246,RailHawk,City Neon Lights - Make It Dance.ogg,Rail Hawk Radio,City Neon Lights,Make It Dance,ogg
247,RailHawk,City Neon Lights - Mechanical Release.ogg,Rail Hawk Radio,City Neon Lights,Mechanical Release,ogg
248,RailHawk,City Neon Lights - Neon Light Station.ogg,Rail Hawk Radio,City Neon Lights,Neon Light Station,ogg
249,RailHawk,City Neon Lights - Soft Moonlight.ogg,Rail Hawk Radio,City Neon Lights,Soft Moonlight,ogg
250,RailHawk,Mono Dancer - Building Machines.ogg,Rail Hawk Radio,Mono Dancer,Building Machines,ogg
251,RailHawk,Mono Dancer - Electronic Trains.ogg,Rail Hawk Radio,Mono Dancer,Electronic Trains,ogg
252,RailHawk,Mono Dancer - Shuffle Along.ogg,Rail Hawk Radio,Mono Dancer,Shuffle Along,ogg
253,RailHawk,Mono Dancer - Slowmotion.ogg,Rail Hawk Radio,Mono Dancer,Slowmotion,ogg
254,RailHawk,Synchronizer - 2 Steps Ahead.ogg,Rail Hawk Radio,Synchronizer,2 Steps Ahead,ogg
255,RailHawk,Synchronizer - On Going.ogg,Rail Hawk Radio,Synchronizer,On Going,ogg
256,RailHawk,Synchronizer - The Way.ogg,Rail Hawk Radio,Synchronizer,The Way,ogg
257,RailHawk,Synchronizer - Train Rhythm.ogg,Rail Hawk Radio,Synchronizer,Train Rhythm,ogg
258,Relaxation,Café Salou - Balaeric Nights.ogg,Relaxation Radio,Café Salou,Balaeric Nights,ogg
259,Relaxation,Café Salou - Calma Redemtion.ogg,Relaxation Radio,Café Salou,Calma Redemtion,ogg
260,Relaxation,Cosmic Magnolia - Fluxus.ogg,Relaxation Radio,Cosmic Magnolia,Fluxus,ogg
261,Relaxation,Cosmic Magnolia - Solar Sister.ogg,Relaxation Radio,Cosmic Magnolia,Solar Sister,ogg
262,Relaxation,Incontro - Cantaloopia.ogg,Relaxation Radio,Incontro,Cantaloopia,ogg
263,Relaxation,Incontro - White  Nuckle Sadness.ogg,Relaxation Radio,Incontro,White Nuckle Sadness,ogg
264,Relaxation,Ladies Chill - The Royal Bahamas.ogg,Relaxation Radio,Ladies Chill,The Royal Bahamas,ogg
265,Relaxation,Latin Eleganza - A Dawn Away.ogg,Relaxation Radio,Latin Eleganza,A Dawn Away,ogg
266,Relaxation,Latin Eleganza - Pretty Skies.ogg,Relaxation Radio,Latin Eleganza,Pretty Skies,ogg
267,Relaxation,Le Chet Noir - Bouganvillea Maintheme.ogg,Relaxation Radio,Le Chet Noir,Bouganvillea Maintheme,ogg
268,Relaxation,Le Chet Noir - Boutique Uniq.ogg,Relaxation Radio,Le Chet Noir,Boutique Uniq,ogg
269,Relaxation,Lock Stoch And The!°  - Next Stop Horizon.ogg,Relaxation Radio,Lock Stoch And The!° ,Next Stop Horizon,ogg
270,Relaxation,Locomotive Ambience - Emoticon.ogg,Relaxation Radio,Locomotive Ambience,Emoticon,ogg
271,Relaxation,Penalonia - Bathwater.ogg,Relaxation Radio,Penalonia,Bathwater,ogg
272,Relaxation,Penalonia - Love to go.ogg,Relaxation Radio,Penalonia,Love to go,ogg
273,Relaxation,Penalonia - The Calm.ogg,Relaxation Radio,Penalonia,The Calm,ogg
274,Relaxation,Scarified - Normilazations.ogg,Relaxation Radio,Scarified,Normilazations,ogg
275,Relaxation,Subconsious Mindflower - Big Thrill.ogg,Relaxation Radio,Subconsious Mindflower,Big Thrill,ogg
276,Relaxation,Subconsious Mindflower - Lucidity.ogg,Relaxation Radio,Subconsious Mindflower,Lucidity,ogg
277,Relaxation,The Rhyme Experience - Airglow.ogg,Relaxation Radio,The Rhyme Experience,Airglow,ogg
278,Rock,Blazing Pearls - It Wasn't Built To Last.ogg,Rock Radio,Blazing Pearls,It Wasn't Built To Last,ogg
279,Rock,Blazing Pearls - Stardog.ogg,Rock Radio,Blazing Pearls,Stardog,ogg
280,Rock,California Saints - Diamonds And Stones.ogg,Rock Radio,California Saints,Diamonds And Stones,ogg
281,Rock,California Saints - The Rose On Sunset.ogg,Rock Radio,California Saints,The Rose On Sunset,ogg
282,Rock,Catskills - Without You.ogg,Rock Radio,Catskills,Without You,ogg
283,Rock,Catskills - You And I.ogg,Rock Radio,Catskills,You And I,ogg
284,Rock,Chromosphere - Clusters.ogg,Rock Radio,Chromosphere,Clusters,ogg
285,Rock,Chromosphere - The Paradox Lucidity.ogg,Rock Radio,Chromosphere,The Paradox Lucidity,ogg
286,Rock,Dreams Of Utopia - Taste Of Love.ogg,Rock Radio,Dreams Of Utopia,Taste Of Love,ogg
287,Rock,Dreams Of Utopia - Your Temple.ogg,Rock Radio,Dreams Of Utopia,Your Temple,ogg
288,Rock,Freewheelin' - 7 years to life.ogg,Rock Radio,Freewheelin',7 years to life,ogg
289,Rock,Green River - Could Have Been Me.ogg,Rock Radio,Green River,Could Have Been Me,ogg
290,Rock,Green River - Road To Ruin.ogg,Rock Radio,Green River,Road To Ruin,ogg
291,Rock,Green River - Three Days Of Peace.ogg,Rock Radio,Green River,Three Days Of Peace,ogg
292,Rock,NESTOR - Don't Leave Me Dry.ogg,Rock Radio,NESTOR,Don't Leave Me Dry,ogg
293,Rock,NESTOR - Lose Myself.ogg,Rock Radio,NESTOR,Lose Myself,ogg
294,ShorelineRadio,Alien Arcade - Back to Sam's Cabin.ogg,Shoreline Radio,Alien Arcade,Back to Sam's Cabin,ogg
295,ShorelineRadio,Alien Arcade - By The St Augustine Pier.ogg,Shoreline Radio,Alien Arcade,By The St Augustine Pier,ogg
296,ShorelineRadio,Alien Arcade - Morning on 4th Street.ogg,Shoreline Radio,Alien Arcade,Morning on 4th Street,ogg
297,ShorelineRadio,Alien Arcade - Perfect Milk.ogg,Shoreline Radio,Alien Arcade,Perfect Milk,ogg
298,ShorelineRadio,Indigo Valley - Faraway Shores.ogg,Shoreline Radio,Indigo Valley,Faraway Shores,ogg
299,ShorelineRadio,Indigo Valley - Lone Sailor.ogg,Shoreline Radio,Indigo Valley,Lone Sailor,ogg
300,ShorelineRadio,Indigo Valley - Mystic Lake.ogg,Shoreline Radio,Indigo Valley,Mystic Lake,ogg
301,ShorelineRadio,Indigo Valley - Owl Forest.ogg,Shoreline Radio,Indigo Valley,Owl Forest,ogg
302,ShorelineRadio,Purple Velvet - Air Storm.ogg,Shoreline Radio,Purple Velvet,Air Storm,ogg
303,ShorelineRadio,Purple Velvet - Mojave.ogg,Shoreline Radio,Purple Velvet,Mojave,ogg
304,ShorelineRadio,Purple Velvet - Pacific Drive.ogg,Shoreline Radio,Purple Velvet,Pacific Drive,ogg
305,ShorelineRadio,Purple Velvet - Sun Wave.ogg,Shoreline Radio,Purple Velvet,Sun Wave,ogg
306,ShorelineRadio,Tulip House - Caspian Sunset.ogg,Shoreline Radio,Tulip House,Caspian Sunset,ogg
307,ShorelineRadio,Tulip House - Monkey Trail.ogg,Shoreline Radio,Tulip House,Monkey Trail,ogg
308,ShorelineRadio,Tulip House - Pastel Santa Monica.ogg,Shoreline Radio,Tulip House,Pastel Santa Monica,ogg
309,ShorelineRadio,Tulip House - Pond Fish.ogg,Shoreline Radio,Tulip House,Pond Fish,ogg
310,SmoothFunk,Chill Bill And The Cushions - DX Heaven.ogg,Smooth Funk Radio,Chill Bill And The Cushions,DX Heaven,ogg
311,SmoothFunk,Chill Bill And The Cushions - Nothing Beats The Funky Beat.ogg,Smooth Funk Radio,Chill Bill And The Cushions,Nothing Beats The Funky Beat,ogg
312,SmoothFunk,Chill Bill And The Cushions - Softpants.ogg,Smooth Funk Radio,Chill Bill And The Cushions,Softpants,ogg
313,SmoothFunk,Chill Bill And The Cushions - You Got Me Good.ogg,Smooth Funk Radio,Chill Bill And The Cushions,You Got Me Good,ogg
314,SmoothFunk,Professor Mellow - All About You.ogg,Smooth Funk Radio,Professor Mellow,All About You,ogg
315,SmoothFunk,Professor Mellow - Ellen Visit.ogg,Smooth Funk Radio,Professor Mellow,Ellen Visit,ogg
316,SmoothFunk,Professor Mellow - Roll With It.ogg,Smooth Funk Radio,Professor Mellow,Roll With It,ogg
317,SmoothFunk,Professor Mellow - Unexpected Funk.ogg,Smooth Funk Radio,Professor Mellow,Unexpected Funk,ogg
318,SmoothFunk,Satin Disco - Feel Free.ogg,Smooth Funk Radio,Satin Disco,Feel Free,ogg
319,SmoothFunk,Satin Disco - For You.ogg,Smooth Funk Radio,Satin Disco,For You,ogg
320,SmoothFunk,Satin Disco - Move Your Feet.ogg,Smooth Funk Radio,Satin Disco,Move Your Feet,ogg
321,SmoothFunk,Satin Disco - Out Of Soup.ogg,Smooth Funk Radio,Satin Disco,Out Of Soup,ogg
322,SmoothFunk,The Shakes - Ode To Glenn.ogg,Smooth Funk Radio,The Shakes,Ode To Glenn,ogg
323,SmoothFunk,The Shakes - Sweet Noise.ogg,Smooth Funk Radio,The Shakes,Sweet Noise,ogg
324,SmoothFunk,The Shakes - The Long Run.ogg,Smooth Funk Radio,The Shakes,The Long Run,ogg
325,SmoothFunk,The Shakes - The Original Shake.ogg,Smooth Funk Radio,The Shakes,The Original Shake,ogg
326,SunnyBreeze,Atlantic City - I Told You So.ogg,Sunny Breeze Radio,Atlantic City,I Told You So,ogg
327,SunnyBreeze,Atlantic City - Juicing.ogg,Sunny Breeze Radio,Atlantic City,Juicing,ogg
328,SunnyBreeze,Atlantic City - Leslie.ogg,Sunny Breeze Radio,Atlantic City,Leslie,ogg
329,SunnyBreeze,Atlantic City - Lighthouse.ogg,Sunny Breeze Radio,Atlantic City,Lighthouse,ogg
330,SunnyBreeze,Gretchen Catalina - Ask The Prophet.ogg,Sunny Breeze Radio,Gretchen Catalina,Ask The Prophet,ogg
331,SunnyBreeze,Gretchen Catalina - Night Trains On.ogg,Sunny Breeze Radio,Gretchen Catalina,Night Trains On,ogg
332,SunnyBreeze,Gretchen Catalina - Reykjavik.ogg,Sunny Breeze Radio,Gretchen Catalina,Reykjavik,ogg
333,SunnyBreeze,Gretchen Catalina - The Grapeyard.ogg,Sunny Breeze Radio,Gretchen Catalina,The Grapeyard,ogg
334,SunnyBreeze,Moulo - Big Moon.ogg,Sunny Breeze Radio,Moulo,Big Moon,ogg
335,SunnyBreeze,Moulo - Golden Green.ogg,Sunny Breeze Radio,Moulo,Golden Green,ogg
336,SunnyBreeze,Moulo - Kings Cross.ogg,Sunny Breeze Radio,Moulo,Kings Cross,ogg
337,SunnyBreeze,Moulo - Late Night in Stockwell.ogg,Sunny Breeze Radio,Moulo,Late Night in Stockwell,ogg
338,SunnyBreeze,Rambo Talana - Copper Canyon.ogg,Sunny Breeze Radio,Rambo Talana,Copper Canyon,ogg
339,SunnyBreeze,Rambo Talana - Last Night In Bali.ogg,Sunny Breeze Radio,Rambo Talana,Last Night In Bali,ogg
340,SunnyBreeze,Rambo Talana - Shorline.ogg,Sunny Breeze Radio,Rambo Talana,Shorline,ogg
341,SunnyBreeze,Rambo Talana - So So So.ogg,Sunny Breeze Radio,Rambo Talana,So So So,ogg
342,Synthetic,Electric Lights - Electric.ogg,Synthetic Radio,Electric Lights,Electric,ogg
343,Synthetic,Electric Lights - Lucky Dreamer.ogg,Synthetic Radio,Electric Lights,Lucky Dreamer,ogg
344,Synthetic,Electric Lights - Northern Lights.ogg,Synthetic Radio,Electric Lights,Northern Lights,ogg
345,Synthetic,Electric Lights - The Drummer.ogg,Synthetic Radio,Electric Lights,The Drummer,ogg
346,Synthetic,Jules Baptiste - Before The Dawn.ogg,Synthetic Radio,Jules Baptiste,Before The Dawn,ogg
347,Synthetic,Jules Baptiste - Desire.ogg,Synthetic Radio,Jules Baptiste,Desire,ogg
348,Synthetic,Jules Baptiste - LAmour.ogg,Synthetic Radio,Jules Baptiste,LAmour,ogg
349,Synthetic,Jules Baptiste - Voyager.ogg,Synthetic Radio,Jules Baptiste,Voyager,ogg
350,Synthetic,Sounds Of Neon - Be Happy.ogg,Synthetic Radio,Sounds Of Neon,Be Happy,ogg
351,Synthetic,Sounds Of Neon - Get Ready.ogg,Synthetic Radio,Sounds Of Neon,Get Ready,ogg
352,Synthetic,Sounds Of Neon - Human.ogg,Synthetic Radio,Sounds Of Neon,Human,ogg
353,Synthetic,Sounds Of Neon - Neon Skies.ogg,Synthetic Radio,Sounds Of Neon,Neon Skies,ogg
354,Synthetic,The Cohens - Broken Atmosphere.ogg,Synthetic Radio,The Cohens,Broken Atmosphere,ogg
355,Synthetic,The Cohens - Love Is Flying Away.ogg,Synthetic Radio,The Cohens,Love Is Flying Away,ogg
356,Synthetic,The Cohens - Stranger.ogg,Synthetic Radio,The Cohens,Stranger,ogg
357,Synthetic,The Cohens - Train To Dresden.ogg,Synthetic Radio,The Cohens,Train To Dresden,ogg
